-- phpMyAdmin SQL Dump
-- version 5.2.0
-- https://www.phpmyadmin.net/
--
-- Host: localhost:3306
-- Generation Time: Dec 15, 2024 at 04:49 PM
-- Server version: 8.0.30
-- PHP Version: 8.1.10

SET SQL_MODE = "NO_AUTO_VALUE_ON_ZERO";
START TRANSACTION;
SET time_zone = "+00:00";


/*!40101 SET @OLD_CHARACTER_SET_CLIENT=@@CHARACTER_SET_CLIENT */;
/*!40101 SET @OLD_CHARACTER_SET_RESULTS=@@CHARACTER_SET_RESULTS */;
/*!40101 SET @OLD_COLLATION_CONNECTION=@@COLLATION_CONNECTION */;
/*!40101 SET NAMES utf8mb4 */;

--
-- Database: `terma`
--

-- --------------------------------------------------------

--
-- Table structure for table `admin`
--

CREATE TABLE `admin` (
  `id` int NOT NULL,
  `email` varchar(255) CHARACTER SET utf8mb4 COLLATE utf8mb4_general_ci NOT NULL,
  `password` varchar(255) CHARACTER SET utf8mb4 COLLATE utf8mb4_general_ci NOT NULL
) ENGINE=InnoDB DEFAULT CHARSET=utf8mb4 COLLATE=utf8mb4_general_ci;

--
-- Dumping data for table `admin`
--

INSERT INTO `admin` (`id`, `email`, `password`) VALUES
(1, 'a@a', '$2y$10$nGXqJp52phZJrkpoZXx8tezXjJskkx5Ix3KdnCl7L1fPLGCi5Y.C.');

-- --------------------------------------------------------

--
-- Table structure for table `categories`
--

CREATE TABLE `categories` (
  `id` int NOT NULL,
  `category_name` varchar(255) CHARACTER SET utf8mb4 COLLATE utf8mb4_general_ci NOT NULL,
  `created_at` timestamp NOT NULL DEFAULT CURRENT_TIMESTAMP,
  `category_image` varchar(255) CHARACTER SET utf8mb4 COLLATE utf8mb4_general_ci NOT NULL
) ENGINE=InnoDB DEFAULT CHARSET=utf8mb4 COLLATE=utf8mb4_general_ci;

--
-- Dumping data for table `categories`
--

INSERT INTO `categories` (`id`, `category_name`, `created_at`, `category_image`) VALUES
(16, 'معدات طب العيون', '2024-12-11 00:13:16', 'uploads/categories/th.jpeg'),
(19, 'معدات الاسنان', '2024-12-11 01:12:25', 'uploads/categories/dentist-s-office-interior-with-modern-chair-special-dentisd-equipment-interior-stomatology-clinic.jpg'),
(20, 'معدات العمليات الجراحيه', '2024-12-11 01:26:44', 'uploads/categories/interior-view-operating-room.jpg'),
(21, 'معدات العنايه بالاطفال والولاده', '2024-12-11 01:45:37', 'uploads/categories/hospital-equipment-surgical-procedure.jpg'),
(22, 'معدات المختبرات الطبيه', '2024-12-11 01:58:04', 'uploads/categories/glassware-microscope-assortment.jpg'),
(23, 'معدات التصوير الطبي', '2024-12-13 15:13:53', 'uploads/categories/adjustable-stand-microscope-clinic.jpg'),
(24, 'معدات الاورام والعلاج الاشعاعي', '2024-12-13 15:30:44', 'uploads/categories/high-angle-ct-scan-machine-room.jpg'),
(25, 'معدات غسيل الكلى', '2024-12-13 15:38:22', 'uploads/categories/professional-device-rejuvenation-medicine-blue-bottles-botox-cosmetology-therapy-preparation-operation.jpg'),
(26, 'معدات الطوارى والاسعافات الاوليه', '2024-12-13 15:50:25', 'uploads/categories/medical-equipments-with-first-aid-kit-blank-digital-tablet-blue-background.jpg'),
(27, 'معدات التخدير والعنايه المركزه', '2024-12-13 16:03:23', 'uploads/categories/modern-ultrasound-scanner-clinic.jpg');

-- --------------------------------------------------------

--
-- Table structure for table `devices`
--

CREATE TABLE `devices` (
  `id` int NOT NULL,
  `emp_id` int NOT NULL,
  `device_name` varchar(255) CHARACTER SET utf8mb4 COLLATE utf8mb4_general_ci NOT NULL,
  `device_description` text CHARACTER SET utf8mb4 COLLATE utf8mb4_general_ci,
  `category_id` int DEFAULT NULL,
  `price` decimal(10,2) DEFAULT NULL,
  `stock_quantity` int DEFAULT '0',
  `created_at` timestamp NOT NULL DEFAULT CURRENT_TIMESTAMP,
  `image_path` varchar(255) CHARACTER SET utf8mb4 COLLATE utf8mb4_general_ci NOT NULL
) ENGINE=InnoDB DEFAULT CHARSET=utf8mb4 COLLATE=utf8mb4_general_ci;

--
-- Dumping data for table `devices`
--

INSERT INTO `devices` (`id`, `emp_id`, `device_name`, `device_description`, `category_id`, `price`, `stock_quantity`, `created_at`, `image_path`) VALUES
(14, 0, 'مصباح شق العيون الصيني ', 'لمبة علاج مرض الصفراء للأطفال، والمعروفة أيضًا بـ Bili Light، هي جهاز طبي مصمم خصيصًا لعلاج اليرقان (الصفراء) لدى الأطفال حديثي الولادة. تعمل هذه اللمبة باستخدام تقنية العلاج الضوئي، حيث يتم تعريض جلد الطفل لضوء بطول موجي معين يساعد في تكسير البيليروبين الزائد في الدم.', 16, '75000.00', 10, '2024-12-11 00:34:43', 'uploads/devices/Screenshot 2024-12-10 at 04-35-24 مصباح شق العيون الصيني مجهر فحص العين 3 خطوات مصباح شق مع لمبة ليد سعر خاص - Buy Ophthalmic Slit Lamp slit Lamp Microscope optical Slit Lamp led Slit Lamp Product on Alibaba.com.png'),
(15, 0, 'مصباح الشق المحمول باليد ', 'مصباح الشق المحمول المحمول باليد هو جهاز خفيف ومريح لفحص العيون، يتميز بجودة تصنيع عالية من الصين. يوفر إضاءة LED قوية، وعدسات بصرية دقيقة مع خيارات تكبير متعددة. مثالي للاستخدام في العيادات والمناطق النائية، مع بطارية قابلة لإعادة الشحن وتصميم متين لضمان كفاءة ودقة الفحص.', 16, '55000.00', 10, '2024-12-11 00:54:32', 'uploads/devices/Screenshot 2024-12-10 at 04-37-19 مصباح الشق المحمول المحمول باليد من الصين بأفضل جودة معدات العيون لفحص العيون - Buy Portable Slit Lamp handheld Slit Lamp china Slit Lamp Product on Alibaba.com.png'),
(16, 0, 'JD2600A جهاز قياس عدسات أوتوماتيكي.', 'جهاز بصري رقمي متطور يستخدم لقياس العدسات الطبية والبصرية بدقة عالية. يتميز بالتشغيل الأوتوماتيكي، تحديد خصائص العدسة مثل القطر والمركز البصري، ودعم العدسات العادية والتقدمية، مما يجعله مثاليًا لمحلات البصريات ومختبرات العدسات.', 16, '55000.00', 10, '2024-12-11 00:57:52', 'uploads/devices/Screenshot 2024-12-10 at 04-38-40 صيني Jd2600a معدات بصرية رقمية لعدسات عدسة أوتوماتيكية Focimeter - Buy Focimeter china Auto Lensmeter digital Lensmeter Product on Alibaba.com.png'),
(17, 0, 'JD2600A جهاز قياس عدسات أوتوماتيكي.', 'جهاز بصري رقمي متطور يستخدم لقياس العدسات الطبية والبصرية بدقة عالية. يتميز بالتشغيل الأوتوماتيكي، تحديد خصائص العدسة مثل القطر والمركز البصري، ودعم العدسات العادية والتقدمية، مما يجعله مثاليًا لمحلات البصريات ومختبرات العدسات.', 16, '55000.00', 10, '2024-12-11 00:59:51', 'uploads/devices/Screenshot 2024-12-10 at 04-38-40 صيني Jd2600a معدات بصرية رقمية لعدسات عدسة أوتوماتيكية Focimeter - Buy Focimeter china Auto Lensmeter digital Lensmeter Product on Alibaba.com.png'),
(18, 0, 'فوروبتر يدوي لتشخيص العيون', 'جهاز يدوي لتحديد وتصحيح عيوب الإبصار، يُستخدم بشكل شائع في العيادات البصرية لتحديد قياسات النظر بدقة من خلال تغيير العدسات وقياس قوة الإبصار. يتميز بسهولة الاستخدام، التصميم المريح، والدقة العالية، مما يجعله أداة مثالية لفحص العين وتحديد وصفة النظارات أو العدسات اللاصقة.', 16, '44000.00', 12, '2024-12-11 01:00:18', 'uploads/devices/Screenshot 2024-12-10 at 04-39-43 رسام بصري في الصين - Buy Phoropter phoropter Manual ophthalmic Phoropter Product on Alibaba.com.png'),
(19, 0, 'سينوبتوفور YZ23B', 'جهاز صيني عالي الجودة يُستخدم في تشخيص وعلاج اضطرابات عضلات العين مثل الحول. يتميز بالدقة وسهولة الاستخدام، مما يجعله أداة أساسية في عيادات طب العيون لتحليل الرؤية الثنائية ووضع خطط العلاج.', 16, '35000.00', 15, '2024-12-11 01:03:19', 'uploads/devices/Screenshot 2024-12-10 at 04-40-12 صيني أفضل جودة معدات العيون سعر Synoptofore - Buy Synoptophore Price china Synoptophore yz23b Synoptophore Product on Alibaba.com.png'),
(20, 0, 'إطار اختبار بصري', 'داة تُستخدم في قياس وتصحيح النظر أثناء فحوصات العين. يتميز بإمكانية تعديل العدسات بسهولة ودقة، مما يساعد الأطباء في تحديد الوصفة المثالية للنظارات أو العدسات اللاصقة.', 16, '8000.00', 11, '2024-12-11 01:04:46', 'uploads/devices/Screenshot 2024-12-10 at 04-41-01 صيني أعلى جودة للبصريات - Buy Trial Frame optical Trial Frame ophthalmic Trial Frame Product on Alibaba.com.png'),
(21, 0, 'جهاز انكسار تلقائي مع كيراتومتر ARK-8500', 'جهاز فحص متطور لقياس انكسار العين وخصائص القرنية بدقة، مزود بشاشة لمس بحجم 9 بوصات لتسهيل الاستخدام. يُستخدم في عيادات العيون لتحديد وصفة النظارات وتشخيص مشكلات الرؤية.', 16, '6000.00', 12, '2024-12-11 01:06:07', 'uploads/devices/SCB08F~1.PNG'),
(22, 0, 'كاميرا شبكية العين المحمولة باليد 16 ميجابكسل', 'كاميرا محمولة مخصصة لفحص قاع العين والشبكية بدقة عالية تصل إلى 16 ميجابكسل. تُستخدم في تشخيص الأمراض المتعلقة بالشبكية، مثل اعتلال الشبكية السكري والزرق، وتتميز بسهولة الحمل والاستخدام في العيادات والمستشفيات.\r\n\r\n\r\n\r\n\r\n\r\n\r\n', 16, '4550.00', 5, '2024-12-11 01:07:18', 'uploads/devices/Screenshot 2024-12-10 at 04-42-04 كاميرا عيون محمولة باليد من الصين من قاع العين شبكية العين بدقة 16 ميجابكسل - Buy Handheld Fundus Camera fundus Camera hand-held Fundus Camera Product on Alibaba.com.png'),
(23, 0, 'نظام الانكسار المكتبي مع الفوروبتر وجهاز عرض المخطط', 'جهاز متكامل يستخدم في فحص العين وتصحيح النظر. يتضمن فوروبتر أوتوماتيكي وجهاز عرض للمخطط، مما يسهل عملية قياس حدة الإبصار وتحديد وصفة النظارات. يُستخدم في العيادات والمستشفيات لتوفير فحوصات دقيقة ومريحة للمرضى.\r\n\r\n\r\n\r\n\r\n\r\n\r\n', 16, '9500.00', 4, '2024-12-11 01:08:17', 'uploads/devices/Screenshot 2024-12-10 at 04-42-48 cuto - Buy Tabletop Refraction System auto Phoropter auto Chart Projector Product on Alibaba.com.png'),
(24, 0, 'نظام الانكسار المكتبي مع الفوروبتر وجهاز عرض المخطط', 'جهاز متكامل يستخدم في فحص العين وتصحيح النظر. يتضمن فوروبتر أوتوماتيكي وجهاز عرض للمخطط، مما يسهل عملية قياس حدة الإبصار وتحديد وصفة النظارات. يُستخدم في العيادات والمستشفيات لتوفير فحوصات دقيقة ومريحة للمرضى.\r\n\r\n\r\n\r\n\r\n\r\n\r\n', 16, '9500.00', 4, '2024-12-11 01:09:18', 'uploads/devices/Screenshot 2024-12-10 at 04-42-48 cuto - Buy Tabletop Refraction System auto Phoropter auto Chart Projector Product on Alibaba.com.png'),
(25, 0, 'كرسي عيون للاستخدام الطبي RS-B', 'كرسي مخصص لفحص وعلاج المرضى في عيادات العيون، يتميز بتصميم مريح وداعم للراحة خلال الفحوصات والعلاجات. يحتوي على ميزات قابلة للتعديل لزيادة راحة المريض والطبيب أثناء الفحص.', 16, '5000.00', 6, '2024-12-11 01:09:53', 'uploads/devices/Screenshot 2024-12-10 at 04-43-31 Rs-b الصين أفضل نوعية كرسي العيون لاستخدام المريض - Buy Ophthalmic Chair Ophthalmic Doctor Chair Ophthalmic Chair And Table Product on Alibaba.com.png'),
(26, 0, 'محرك هواء AM-25 L RM مع ضوء', 'محرك هواء يستخدم في المعدات الطبية مثل أجهزة الأسنان، يتميز بإضاءة مدمجة لتحسين الرؤية أثناء العمل. يوفر قوة كافية للعديد من التطبيقات الطبية بفضل تصميمه المتطور والكفاءة العالية في الأداء.', 19, '5000.00', 14, '2024-12-11 01:13:34', 'uploads/devices/AM-25 L RM Air Motor with Light.jpg'),
(27, 0, 'جهاز تسريع تبييض الأسنان C-BRIGHT', 'جهاز مخصص لتسريع عملية تبييض الأسنان باستخدام تقنية الضوء. يساعد في تحقيق نتائج سريعة وفعّالة في إزالة البقع وتفتيح لون الأسنان، ويستخدم بشكل شائع في عيادات الأسنان لتحسين تجربة تبييض الأسنان.', 19, '9000.00', 5, '2024-12-11 01:15:21', 'uploads/devices/C-BRIGHT Teeth Whitening Accelerators Unit.jpg'),
(28, 0, 'يدوية زاوية مع إضاءة LED', 'أداة طبية تستخدم في طب الأسنان، تتميز بتصميم زاوي يسمح بالوصول إلى المناطق الصعبة في الفم. مزودة بإضاءة LED لتحسين الرؤية أثناء العلاج، مما يوفر دقة أكبر أثناء العمل على الأسنان. تُستخدم بشكل شائع في إجراءات مثل الحفر والتلميع.\r\n\r\n\r\n\r\n\r\n\r\n\r\n', 19, '7000.00', 5, '2024-12-11 01:16:12', 'uploads/devices/Contra Angle LED Handpiece.jpg'),
(29, 0, 'جهاز أشعة سينية DX-3000', 'جهاز أشعة سينية متطور يستخدم في التشخيص الطبي، يُستخدم بشكل شائع في عيادات الأسنان والمستشفيات لفحص وتقييم حالة العظام والأسنان. يتميز بتقنية عالية لتحسين وضوح الصورة وتقليل الجرعة الإشعاعية للمريض.\r\n\r\n\r\n\r\n\r\n\r\n\r\n', 19, '4000.00', 5, '2024-12-11 01:17:15', 'uploads/devices/DX-3000 x-ray.jpg'),
(30, 0, 'أداة يدوية جراحية J45-SU-M4', 'أداة جراحية تستخدم في العمليات الطبية، تتميز بتصميم قوي ودقيق يسمح بالتحكم العالي أثناء إجراء الجراحة. تُستخدم بشكل رئيسي في العمليات التي تتطلب دقة في العمل مثل جراحة الأسنان أو الجراحة العامة، وتوفر أداء موثوقاً بفضل تصميمها المتطور.\r\n\r\n\r\n\r\n\r\n\r\n\r\n', 19, '5000.00', 6, '2024-12-11 01:18:07', 'uploads/devices/J45-SU-M4 Surgical Handpiece.jpg'),
(31, 0, 'MB-300 Assistina 3x3', 'جهاز تنظيف وتعقيم أدوات طب الأسنان بشكل آلي. يستخدم لتطهير وتزييت الأدوات الجراحية مثل اليدويّات والأدوات الدوارة بعد كل استخدام، مما يساعد في الحفاظ على نظافتها وكفاءتها. يتميز بتقنية متقدمة لتنظيف وتعقيم الأدوات بشكل سريع وفعّال، مما يضمن سلامة الأدوات وجودتها.\r\n\r\n\r\n\r\n\r\n\r\n\r\n', 19, '6000.00', 5, '2024-12-11 01:18:54', 'uploads/devices/MB-300 Assistina 3x3.jpg'),
(32, 0, 'جهاز أشعة سينية محمول', 'جهاز أشعة سينية مدمج وقابل للنقل يستخدم في التصوير الطبي لتشخيص حالات العظام والأنسجة. يتميز بسهولة النقل والاستخدام في بيئات متعددة مثل العيادات المتنقلة، المستشفيات، أو المواقع الطبية الطارئة. يوفر صورًا دقيقة مع تقليل التعرض للإشعاع، مما يجعله مثاليًا للبيئات التي تتطلب مرونة في الفحص.\r\n\r\n\r\n\r\n\r\n\r\n\r\n', 19, '6000.00', 13, '2024-12-11 01:19:47', 'uploads/devices/Portable X-Ray System.jpg'),
(33, 0, 'جهاز التصليب الضوئي', 'جهاز يستخدم في طب الأسنان لتصلب المواد الراتنجية مثل الحشوات التجميلية باستخدام الضوء. يعمل بتقنية الأشعة فوق البنفسجية أو الضوء الأزرق لتحفيز التفاعل الكيميائي في المواد الراتنجية، مما يساعد على تقويتها وتثبيتها بسرعة. يُستخدم بشكل شائع في علاج الحشوات التجميلية، وتقويم الأسنان، والعلاجات الأخرى التي تتطلب مواد لاصقة أو راتنجية.', 19, '14000.00', 12, '2024-12-11 01:20:41', 'uploads/devices/جهااز التصليب الضوئي.jpg'),
(34, 0, 'جهاز التصليب الضوئي', 'جهاز يستخدم في طب الأسنان لتصلب المواد الراتنجية مثل الحشوات التجميلية باستخدام الضوء. يعمل بتقنية الأشعة فوق البنفسجية أو الضوء الأزرق لتحفيز التفاعل الكيميائي في المواد الراتنجية، مما يساعد على تقويتها وتثبيتها بسرعة. يُستخدم بشكل شائع في علاج الحشوات التجميلية، وتقويم الأسنان، والعلاجات الأخرى التي تتطلب مواد لاصقة أو راتنجية.', 19, '14000.00', 12, '2024-12-11 01:21:48', 'uploads/devices/جهااز التصليب الضوئي.jpg'),
(36, 0, 'مجموعات سنابل', 'هي مجموعة من الأدوات المستخدمة في مجال طب الأسنان، تتضمن أدوات لفحص الأسنان، تنظيفها، وعلاج المشكلات المختلفة مثل التسوس أو مشاكل اللثة. قد تشمل هذه المجموعات أدوات مثل المرايا، أجهزة الحفر، أجهزة التنظيف، والملاقط التي تُستخدم أثناء الفحوصات والعلاج.\r\n\r\n\r\n\r\n\r\n\r\n\r\n', 19, '500.00', 22, '2024-12-11 01:23:42', 'uploads/devices/مجموعات سنابل.png'),
(37, 0, 'جهاز تخدير متعدد الوظائف 7200A', 'جهاز طبي يستخدم في إجراء عمليات التخدير المتعدد الوظائف، ويتميز بقدرته على التحكم الدقيق في الجرعات والوظائف المختلفة المرتبطة بالتخدير. يوفر الأمان والدقة أثناء العمليات الجراحية بفضل تقنيات متقدمة، ويستخدم في المستشفيات والعيادات الجراحية لضمان راحة المرضى أثناء العمليات.\r\n\r\n\r\n\r\n\r\n\r\n\r\n', 20, '12000.00', 10, '2024-12-11 01:30:41', 'uploads/devices/جهاز تخدير متعدد الوظائف 7200A.jpg'),
(38, 0, 'جهاز تخدير-WATO EX-20', 'جهاز تخدير حديث يستخدم في العمليات الجراحية لتوفير تخدير دقيق وآمن للمرضى. يتميز بتقنيات متقدمة لضبط جرعات الأدوية بدقة، مع نظام مراقبة فعال لضمان استقرار الحالة الصحية للمريض أثناء العملية. يُستخدم في المستشفيات والعيادات الجراحية لضمان تخدير آمن وفعّال.\r\n\r\n\r\n\r\n\r\n\r\n\r\n', 20, '15000.00', 11, '2024-12-11 01:31:26', 'uploads/devices/جهاز تخدير-WATO EX-20.jpg'),
(39, 0, 'جهاز رسم قلب 12 قناة Ecg1200G', 'جهاز طبي يستخدم لتسجيل النشاط الكهربائي للقلب عبر 12 قناة، مما يوفر تحليلًا دقيقًا لحالة القلب. يُستخدم في المستشفيات والعيادات لتشخيص حالات القلب مثل عدم انتظام ضربات القلب، والنوبات القلبية، وأمراض القلب الأخرى. يتميز بتقنية عالية ودقة في التشخيص.\r\n\r\n\r\n\r\n\r\n\r\n\r\n', 20, '12000.00', 5, '2024-12-11 01:32:27', 'uploads/devices/جهاز رسم قلب 12 قناة Ecg1200G.jpg'),
(40, 0, 'جهاز رسم قلب 12 قناة Ecg1200G', 'جهاز طبي يستخدم لتسجيل النشاط الكهربائي للقلب عبر 12 قناة، مما يوفر تحليلًا دقيقًا لحالة القلب. يُستخدم في المستشفيات والعيادات لتشخيص حالات القلب مثل عدم انتظام ضربات القلب، والنوبات القلبية، وأمراض القلب الأخرى. يتميز بتقنية عالية ودقة في التشخيص.\r\n\r\n\r\n\r\n\r\n\r\n\r\n', 20, '12000.00', 5, '2024-12-11 01:33:36', 'uploads/devices/جهاز رسم قلب 12 قناة Ecg1200G.jpg'),
(41, 0, 'شفاط جراحي كهربائي 2 لتر NEW ASPIRET', 'جهاز يستخدم في العمليات الجراحية لإزالة السوائل والدم من المنطقة المعالجة بشكل فعال. يتميز بقدرته على الشفط بقدرة 2 لتر ويعمل كهربائيًا، مما يجعله مثاليًا للعديد من الإجراءات الطبية مثل الجراحة والتنظيف بعد العمليات. يضمن الأداء القوي والسريع، ويعد من الأدوات الأساسية في غرف العمليات.\r\n\r\n\r\n\r\n\r\n\r\n\r\n', 20, '10000.00', 10, '2024-12-11 01:34:21', 'uploads/devices/شفاط جراحي كهربائي 2 لتر NEW ASPIRET.jpg'),
(42, 0, 'شفاط جراحي كهربائي 2 لتر NEW ASPIRET', 'جهاز يستخدم في العمليات الجراحية لإزالة السوائل والدم من المنطقة المعالجة بشكل فعال. يتميز بقدرته على الشفط بقدرة 2 لتر ويعمل كهربائيًا، مما يجعله مثاليًا للعديد من الإجراءات الطبية مثل الجراحة والتنظيف بعد العمليات. يضمن الأداء القوي والسريع، ويعد من الأدوات الأساسية في غرف العمليات.\r\n\r\n\r\n\r\n\r\n\r\n\r\n', 20, '10000.00', 10, '2024-12-11 01:35:56', 'uploads/devices/شفاط جراحي كهربائي 2 لتر NEW ASPIRET.jpg'),
(43, 0, 'كشاف عمليات ليد سقف فردي TRLEDSZ4', 'كشاف جراحي مزود بتقنية LED يستخدم في غرف العمليات لتوفير إضاءة قوية وواضحة أثناء الجراحة. يتميز بتصميم سقفي فردي يسمح بتوجيه الضوء بدقة إلى المنطقة المطلوبة، مما يساعد الجراحين في رؤية التفاصيل بشكل أفضل. يتمتع بعمر افتراضي طويل وكفاءة عالية في استهلاك الطاقة، مما يجعله مثاليًا للاستخدام المستمر في العمليات الجراحية.', 20, '1200.00', 9, '2024-12-11 01:37:08', 'uploads/devices/كشاف عمليات ليد سقف فردي TRLEDSZ4.jpg'),
(44, 0, 'مبخر تخدير Tek3', 'جهاز يستخدم في أنظمة التخدير لتبخير وإيصال غازات التخدير إلى المريض بدقة أثناء العمليات الجراحية. يتميز بتصميم دقيق يسمح بتعديل جرعات الغازات المختلفة بشكل آمن وفعال، مما يساعد في الحفاظ على استقرار حالة المريض خلال العملية. يُستخدم بشكل شائع في المستشفيات والعيادات الجراحية.\r\n\r\n\r\n\r\n\r\n\r\n\r\n', 20, '5000.00', 5, '2024-12-11 01:38:00', 'uploads/devices/مبخر تخدير Tek3.jpg'),
(45, 0, 'آلة تدفئة الرضع الطبية بالأشعةBRW3000A', 'هاز طبي يستخدم لتوفير تدفئة مريحة وآمنة للأطفال حديثي الولادة باستخدام تقنية الأشعة. يساعد في الحفاظ على درجة حرارة جسم الطفل الرضيع ضمن المعدلات الطبيعية في بيئات مثل وحدات العناية المركزة أو أثناء النقل. يُستخدم بشكل رئيسي في المستشفيات والعيادات لحماية الأطفال من انخفاض حرارة الجسم.\r\n\r\n\r\n\r\n\r\n\r\n\r\n', 21, '1000.00', 5, '2024-12-11 01:46:46', 'uploads/devices/Screenshot 2024-12-10 at 04-47-11 Brw3000a الطبية الطفل آلة تدفئة الرضع اشعاعا دفئا - Buy Medical Infant Radiant Warmer Baby Warmer Machine Chinese Baby Warmer Product on Alibaba.com.png'),
(46, 0, 'حاضنة أطفال حديثي الولادة', 'جهاز طبي يستخدم لرعاية الأطفال حديثي الولادة، خصوصًا أولئك الذين يحتاجون إلى رعاية خاصة بسبب الولادة المبكرة أو المشاكل الصحية. يوفر بيئة دافئة وآمنة للحفاظ على درجة حرارة الجسم الطبيعية للطفل، بالإضافة إلى توفير الرعاية اللازمة مثل مراقبة التنفس والتغذية. يُستخدم في غرف الولادة والمستشفيات لرعاية المواليد الجدد.\r\n\r\n\r\n\r\n\r\n\r\n\r\n', 21, '4000.00', 6, '2024-12-11 01:47:36', 'uploads/devices/SCREEN~2.PNG'),
(47, 0, 'جهاز تدفئة الأطفال الرضع بالأشعة', 'جهاز يستخدم لتوفير تدفئة آمنة وفعّالة للأطفال حديثي الولادة باستخدام الأشعة. يضمن الحفاظ على درجة حرارة الجسم المثالية للطفل في بيئات مثل وحدات العناية المركزة أو بعد الولادة. يُستخدم بشكل شائع في المستشفيات والعيادات لضمان راحة الطفل وحمايته من انخفاض حرارة الجسم.\r\n\r\n\r\n\r\n\r\n\r\n\r\n', 21, '4000.00', 5, '2024-12-11 01:48:17', 'uploads/devices/Screenshot 2024-12-10 at 04-48-37 تدفئة الأطفال الرضع تدفئة الأطفال الرضع مشع أكثر دفئا - Buy Infant Warmer Infant Radiant Heat Warmer Baby Infant Radiant Heat Warmer Product on Alibaba.com.png'),
(48, 0, 'حاضنة حمل للأطفال حديثي الولادة مزودة بحامل متحرك', ' حاضنة طبية مخصصة للأطفال حديثي الولادة، مزودة بعجلات لتحسين التنقل والتراكيب داخل المستشفى. توفر بيئة دافئة وآمنة للطفل، مع إمكانية نقل الطفل بسهولة بين الأقسام المختلفة دون التأثير على رعايته. تُستخدم في المستشفيات لرعاية الأطفال ذوي الاحتياجات الخاصة بعد الولادة أو في حالات العناية المركزة.\r\n\r\n\r\n\r\n\r\n\r\n\r\n', 21, '2000.00', 4, '2024-12-11 01:51:18', 'uploads/devices/SCREEN~3.PNG'),
(49, 0, 'مضخة حليب مزدوجة للأطفال S12 OEM/ODM', 'جهاز مصمم لشفط حليب الأم بطريقة مريحة وفعّالة. يتميز بمرونته وسهولة ارتدائه، مما يوفر تجربة مريحة للأم أثناء ضخ الحليب. مثالي للأمهات اللاتي يرغبن في ضخ الحليب بسهولة وفي وقت أقل، ويتيح إمكانية ضخ الحليب من الثديين في نفس الوقت. يُستخدم بشكل شائع في المنازل والمستشفيات لدعم الرضاعة الطبيعية.\r\n\r\n\r\n\r\n\r\n\r\n\r\n', 21, '5000.00', 9, '2024-12-11 01:52:31', 'uploads/devices/SC2047~1.PNG'),
(50, 0, 'جهاز فحص السمع لحديثي الولادة OAE (DPOAE و TEOAE)', 'جهاز يستخدم لاختبار السمع لدى الرضع وحديثي الولادة للكشف المبكر عن مشاكل السمع. يعتمد على تقنية التحفيز الصوتي لقياس استجابة الأذن الداخلية، ويشمل اختبارات مثل DPOAE و TEOAE. يُستخدم بشكل شائع في المستشفيات والعيادات للكشف المبكر عن مشاكل السمع في الأطفال لضمان تلقيهم العلاج المناسب في وقت مبكر.\r\n\r\n\r\n\r\n\r\n\r\n\r\n', 21, '2000.00', 8, '2024-12-11 01:53:16', 'uploads/devices/SC5D45~1.PNG'),
(51, 0, 'مكنسة الأنف الكهربائية القابلة لإعادة الشحن لحديثي الولادة', ' جهاز كهربائي مصمم لتنظيف أنف الرضع وحديثي الولادة من المخاط والزكام بسهولة وأمان. يعمل على إزالة المخاط بشكل فعال وبلطف باستخدام تقنية شفط، مما يساعد في فتح مجرى التنفس للطفل. يتميز بإمكانية إعادة شحنه واستخدامه عدة مرات، ويُعتبر مثاليًا للأطفال الرضع الذين يعانون من انسداد الأنف بسبب الزكام أو الحساسية.\r\n\r\n\r\n\r\n\r\n\r\n\r\n', 21, '2500.00', 7, '2024-12-11 01:54:06', 'uploads/devices/SC35D2~1.PNG'),
(52, 0, 'مصباح علاج بالضوء لحديثي الولادة', 'مصباح علاج بالضوء لحديثي الولادة: جهاز يستخدم في المستشفيات لعلاج اليرقان (الصفار) لدى الأطفال حديثي الولادة. يعمل عن طريق إشعاع الضوء الأزرق الذي يساعد في تكسير البيليروبين في الدم، مما يقلل من مستوى الصفراء ويعزز صحة الطفل. يُستخدم في وحدات العناية المركزة للأطفال أو في غرف المستشفيات لعلاج اليرقان لدى المواليد الجدد.\r\n\r\n\r\n\r\n\r\n\r\n\r\n', 21, '5000.00', 5, '2024-12-11 01:54:57', 'uploads/devices/SC7CF9~1.PNG'),
(53, 0, 'معدات علاج ضوئي لحديثي الولادة بإشعاع أزرق متعدد الاتجاهات', 'معدات علاج ضوئي لحديثي الولادة بإشعاع أزرق متعدد الاتجاهات: جهاز يستخدم لعلاج اليرقان لدى حديثي الولادة باستخدام ضوء أزرق. يساعد هذا الضوء في معالجة مستويات البيليروبين المرتفعة في دم الطفل، مما يساعد في تقليل الصفراء. يتميز بتصميم متعدد الاتجاهات يوفر تغطية شاملة للطفل ويعزز فعالية العلاج. يُستخدم في المستشفيات والعيادات لمساعدة الأطفال حديثي الولادة على التعافي من اليرقان بشكل أسرع وأمن.\r\n\r\n\r\n\r\n\r\n\r\n\r\n', 21, '4000.00', 6, '2024-12-11 01:55:46', 'uploads/devices/SCDA10~1.PNG'),
(54, 0, 'كاشف اليرقان عبر الجلد لحديثي الولادة', 'جهاز يستخدم للكشف عن اليرقان لدى الأطفال حديثي الولادة عن طريق قياس مستويات البيليروبين في الجلد بشكل غير مؤلم. يعتمد على تقنية الأشعة تحت الحمراء لقياس البيليروبين عبر الجلد، مما يسمح بالكشف المبكر عن حالات اليرقان دون الحاجة لأخذ عينات دم. يُستخدم في المستشفيات والعيادات لمتابعة صحة الأطفال حديثي الولادة وتحديد الحاجة إلى العلاج بالضوء (العلاج الضوئي).', 21, '4000.00', 7, '2024-12-11 01:56:55', 'uploads/devices/Screenshot 2024-12-10 at 04-57-22 كاشف اليرقان عبر الجلد لحديثي الولادة في المستشفى - Buy Bilirubin Phototherapy Device bilirubin Phototherapy transcutaneous Jaundice Detector Product on Alibaba.com.png'),
(55, 0, 'جهاز600  التقطير الزجاجي التلقائي للمختبر JOD', 'جهاز600  التقطير الزجاجي التلقائي للمختبر JOD: جهاز يستخدم في المختبرات لإجراء عمليات التقطير التلقائي للسوائل. يتميز بتقنية عالية ودقة في التقطير، ويعتمد على الزجاج في تصميمه مما يضمن السلامة والنقاء في عملية التقطير. يُستخدم بشكل رئيسي في الأبحاث الكيميائية والمختبرات العلمية لفصل المكونات السائلة باستخدام الحرارة والضغط.\r\n\r\n\r\n\r\n\r\n\r\n\r\n', 22, '5500.00', 6, '2024-12-11 02:00:00', 'uploads/devices/Lab Automatic Glass Distillation Apparatus 600 jod.png'),
(56, 0, 'جهاز التحريك المغناطيسي موديل 85-2 مع مؤقت ميكانيكي وقدرة تسخين 90 JOD', 'جهاز مختبري يستخدم للتحريك والتسخين في وقت واحد. يتميز باستخدام المغناطيس لتحريك السوائل بشكل فعال أثناء التسخين، مما يسمح بتحقيق مزيج متجانس. يحتوي الجهاز على مؤقت ميكانيكي لضبط الوقت بدقة. يُستخدم في المختبرات الكيميائية والبيولوجية لمزج المواد والسوائل تحت درجة حرارة معينة.\r\n\r\n\r\n\r\n\r\n\r\n\r\n', 22, '6500.00', 8, '2024-12-11 02:00:52', 'uploads/devices/Model 85-2 Magnetic Stirrer with Mechanical Timer and Heating Capability 90 jod.jpg'),
(57, 0, 'جهاز تعقيم خارجي (أوتوكليف) سعة 18 لتر', 'جهاز يستخدم لتعقيم الأدوات والمعدات الطبية أو المختبرية باستخدام البخار تحت الضغط. يتميز هذا الجهاز بسعة 18 لتر، مما يسمح بتعقيم كميات متوسطة من الأدوات في وقت واحد. يعمل عن طريق تسخين الماء داخل الجهاز لتوليد بخار ماء عالي الحرارة، ثم يُستخدم هذا البخار لقتل البكتيريا والفيروسات وغيرها من الميكروبات. يُستخدم في المستشفيات والمختبرات الطبية لضمان تطهير الأدوات بشكل كامل وآمن.\r\n\r\n\r\n\r\n\r\n\r\n\r\n', 22, '5500.00', 9, '2024-12-11 02:01:30', 'uploads/devices/جهاز تعقيم لخاري اوتوكليف سعة 18 لتر.png'),
(58, 0, 'جهاز مطياف ضوئي (سبكتروفوتوميتر)', 'جهاز يستخدم لقياس امتصاص أو انبعاث الضوء بواسطة المواد. يعمل عن طريق إرسال شعاع ضوء عبر العينة وقياس كمية الضوء الممتص عند أطوال موجية مختلفة. يُستخدم في المختبرات الكيميائية والبيولوجية لتحليل التركيزات الكيميائية وتحديد خصائص المواد مثل المكونات العضوية أو غير العضوية. يُعد من الأدوات الأساسية في الأبحاث العلمية والاختبارات الكيميائية.\r\n\r\n\r\n\r\n\r\n\r\n\r\n', 22, '6500.00', 5, '2024-12-11 02:02:17', 'uploads/devices/جهاز مطياف ضوئي سبكتروفوتوميتر.png'),
(59, 0, 'حمام مائي مخبري سعة 10 لتر 4 فتحات', 'جهاز يستخدم في المختبرات لتسخين أو مزج السوائل بشكل متساوٍ باستخدام الماء الساخن. يحتوي على 4 فتحات لاستيعاب الأوعية أو الأنابيب المخبرية في وقت واحد. يتميز بقدرته على التحكم في درجة الحرارة بدقة لتوفير بيئة تسخين ثابتة، مما يجعله مثاليًا في التطبيقات التي تتطلب درجات حرارة ثابتة مثل التجارب الكيميائية أو البيولوجية. يُستخدم بشكل شائع في المختبرات العلمية، البيولوجية والكيميائية.', 22, '5500.00', 8, '2024-12-11 02:02:58', 'uploads/devices/حمام مائي مخبري سعه 10 لتر 4 فتحات.png'),
(60, 0, 'فرن تخفيف كهربائي عمودي بسعه 20 لتر', 'جهاز يستخدم في المختبرات والمصانع لتسخين المواد أو تخفيفها باستخدام الحرارة. يتميز بتصميم عمودي وسعة 20 لتر، مما يسمح بتخزين المواد داخل الفرن بشكل مريح. يوفر تحكمًا دقيقًا في درجة الحرارة ويُستخدم لتجفيف أو تسخين المواد الكيميائية، البيولوجية أو حتى العينات الطبية تحت درجة حرارة ثابتة. يُستخدم في التطبيقات التي تتطلب معالجة حرارية دقيقة مثل الأبحاث العلمية أو الصناعات التي تتطلب تسخين المواد بشكل آمن وفعّال.\r\n\r\n\r\n\r\n\r\n\r\n\r\n', 22, '4500.00', 9, '2024-12-11 02:03:51', 'uploads/devices/فرن تخفيف كهربائي عمودي بسعه 20 لتر.png'),
(61, 0, 'مجهر تعليمي عينية واحدة وأربع شينيات مع إضافاته', 'جهاز مجهر يستخدم في التعليم والتدريب، ويتميز بعينية واحدة لسهولة الرؤية، مع أربع شينيات (عدسات مكبرة) توفر تكبيرات مختلفة (عادةً 4x، 10x، 40x، 100x). يأتي مع إضافات تشمل قاعدة مستقرة، إضاءة مناسبة، وأسطوانة ضوء لتحسين وضوح العينات. يُستخدم بشكل شائع في المدارس والمختبرات التعليمية للمساعدة في دراسة العينات البيولوجية والكيميائية.\r\n\r\n\r\n\r\n\r\n\r\n\r\n\r\n', 22, '4000.00', 8, '2024-12-11 02:04:33', 'uploads/devices/مجهر تعليمي عينية واحده واربع شينيات مع اضافاته.png'),
(62, 0, 'مجهر ستيريو مزدوج العدسة 600 JOD', 'جهاز مجهر يستخدم في الفحوصات ثلاثية الأبعاد، ويتميز بعدستين (واحدة لكل عين) لتمكين الرؤية المجسمة والعمق. يوفر تكبيرًا منخفضًا إلى متوسط، مما يجعله مثاليًا لفحص العينات ذات الحجم الكبير مثل الأنسجة، الحشرات، المعادن، أو الدوائر الإلكترونية. يُستخدم بشكل واسع في الأبحاث البيولوجية، الإلكترونية، والصناعية، حيث يتيح للمستخدم فحص التفاصيل الدقيقة بسهولة ووضوح.\r\n\r\n\r\n\r\n\r\n\r\n\r\n', 22, '8000.00', 8, '2024-12-11 02:05:19', 'uploads/devices/مجهر ستيريو مزدوج العدسة 600 jod.jpg'),
(63, 0, 'منظف بالموجات فوق الصوتية الرقمية 85 JOD', 'جهاز يستخدم تقنية الموجات فوق الصوتية لتنظيف الأجزاء الصغيرة أو المعدات الدقيقة. يعمل عن طريق إرسال موجات صوتية عالية التردد إلى السائل داخل الحوض، مما يخلق اهتزازات صغيرة تنظف الأوساخ والرواسب بشكل فعال من الأسطح. يُستخدم بشكل شائع في تنظيف الأدوات الطبية، المجوهرات، الأجزاء الإلكترونية، أو المعدات المختبرية. يتميز هذا الجهاز بالتحكم الرقمي لتحديد الوقت ودرجة الحرارة، مما يتيح تحكمًا دقيقًا في عملية التنظيف.\r\n\r\n\r\n\r\n\r\n\r\n\r\n\r\n', 22, '5000.00', 8, '2024-12-11 02:06:04', 'uploads/devices/منظف بالموجات فوق الصوتية الرقمية 85 jod.jpg'),
(64, 0, 'ناشيونال جيوغرافيك LCD ميكروسكوب', 'جهاز مجهر رقمي يستخدم شاشة LCD لعرض الصور الحية للعينة بشكل مباشر. يوفر تكبيرًا عالي الجودة ويمكنه التقاط صور أو فيديو للعينة التي يتم فحصها. يتميز بتقنية حديثة لعرض التفاصيل الدقيقة بوضوح على الشاشة، مما يجعله مناسبًا للاستخدام في التعليم والبحث العلمي. يُستخدم بشكل شائع في المدارس والجامعات لإجراء الفحوصات البيولوجية أو الكيميائية.\r\n\r\n\r\n\r\n\r\n\r\n\r\n', 22, '7000.00', 3, '2024-12-11 02:06:48', 'uploads/devices/ناشيونال جيوغرافيك ال سي دي ميكروسكوب.jpg'),
(65, 0, 'جهاز الموجات فوق الصوتية المحمول بالأبيض والأسود', 'هذا الجهاز يستخدم تقنية الموجات فوق الصوتية لتصوير الأعضاء الداخلية للجسم مثل الكبد والكلى ومتابعة الحمل. يتميز بأنه صغير الحجم وسهل النقل، مما يجعله مثاليًا للاستخدام في العيادات والمناطق النائية، ويعرض الصور بالأبيض والأسود لتشخيص الحالات الأساسية بتكلفة منخفضة.', 23, '12000.00', 4, '2024-12-13 15:17:08', 'uploads/devices/B  W المحمول البشري الرخيص جهاز التصوير الطبي بالموجات فوق الصوتية.png'),
(66, 0, 'كاميرا رقمية طبية للتصوير التشخيصي', 'كاميرا طبية تُستخدم لالتقاط صور دقيقة للأعضاء الداخلية للمساعدة في التشخيص الطبي. تُصنع حسب الطلب لتناسب مختلف الأجهزة الطبية مثل الأشعة السينية أو الموجات فوق الصوتية. تُوفر جودة عالية وتُستخدم في المستشفيات والمراكز الطبية.', 23, '15000.00', 5, '2024-12-13 15:18:14', 'uploads/devices/OEM ODM المعدات الطبية كاميرا رقمية مستقبلات معدات التصوير الطبي في الصين.png'),
(67, 0, 'كاميرا طبية دقيقة محمولة للتنظير HD', 'كاميرا تُستخدم مع أجهزة التنظير لفحص الأعضاء الداخلية مثل الأنف والأذن والحنجرة أو البطن بجودة عالية. محمولة وسهلة الاستخدام للتشخيص الدقيق.', 23, '14000.00', 6, '2024-12-13 15:20:42', 'uploads/devices/SCREEN~1.PNG'),
(68, 0, 'جهاز دوبلر ملون للموجات فوق الصوتية 5D', 'جهاز يستخدم تقنية الموجات فوق الصوتية الملونة 5D لتصوير الأعضاء الداخلية بدقة عالية، ويُستخدم بشكل رئيسي في مجالات أمراض النساء والتوليد، وأمراض القلب والأوعية الدموية. يوفر صورًا ثلاثية ورباعية الأبعاد لعرض تفاصيل دقيقة.', 23, '12000.00', 7, '2024-12-13 15:22:48', 'uploads/devices/SCREEN~2.PNG'),
(69, 0, 'نظام المنظار الطبي 4K', 'جهاز يستخدم لتصوير العمليات الجراحية عبر المنظار، حيث يوفر كاميرا عالية الدقة 4K لتنظير البطن والأعضاء الداخلية. يُستخدم في العمليات الطبية مثل تنظير البطن والتشخيص والعلاج في مجالات متعددة مثل الجراحة وأمراض الجهاز الهضمي.', 23, '70000.00', 5, '2024-12-13 15:23:52', 'uploads/devices/Screenshot 2024-12-12 at 03-40-02 معدات التصوير الطبي 4k نظام المنظار كاميرا تنظير البطن للتنظير الصلب - Buy Medical Endoscope System 4k Laparoscopy Camera Camera For Endoscopy Product on Alibaba.com.png'),
(70, 0, 'نظام التصوير التشخيصي بالموجات فوق الصوتية الرقمي الكامل', 'جهاز يستخدم الموجات فوق الصوتية للحصول على صور دقيقة للأعضاء الداخلية لأغراض التشخيص الطبي. يتميز هذا النظام بجودة عالية ودقة في التصوير الرقمي، ويُستخدم في مختلف التخصصات الطبية مثل أمراض القلب، المسالك البولية، وأمراض النساء.', 23, '5000.00', 6, '2024-12-13 15:24:43', 'uploads/devices/SCREEN~4.PNG'),
(71, 0, 'نظام التصوير التشخيصي بالموجات فوق الصوتية الرقمي الكامل', 'جهاز يستخدم الموجات فوق الصوتية للحصول على صور دقيقة للأعضاء الداخلية لأغراض التشخيص الطبي. يتميز هذا النظام بجودة عالية ودقة في التصوير الرقمي، ويُستخدم في مختلف التخصصات الطبية مثل أمراض القلب، المسالك البولية، وأمراض النساء.', 23, '5000.00', 6, '2024-12-13 15:25:50', 'uploads/devices/SCREEN~4.PNG'),
(72, 0, 'جهاز التصوير بالأشعة السينية متنقل الذراع C موديل MN-CR006', 'جهاز أشعة سينية متنقل مزود بذراع C لتصوير العظام والأعضاء الداخلية بسهولة في المواقع الطبية المختلفة. يتميز بتصميم مدمج يتيح استخدامه في المستشفيات والعيادات والأماكن التي تحتاج إلى حلول تصوير مرنة ودقيقة في نفس الوقت.', 23, '4000.00', 4, '2024-12-13 15:26:50', 'uploads/devices/جهاز التصوير بالأشعة السينية متنقل الذراع C موديل MN-CR006.jpg'),
(73, 0, 'كاميرا IMXenix 4K Conmed', 'كاميرا طبية عالية الدقة 4K تستخدم في جراحات المناظير والتصوير الطبي. توفر صورًا واضحة وحادة بتفاصيل دقيقة، مما يساعد الأطباء في التشخيص والعلاج. تستخدم بشكل رئيسي في العمليات الجراحية مثل تنظير البطن والمفاصل، مما يسهم في تحسين دقة الإجراءات الطبية.\r\n\r\n\r\n\r\n\r\n\r\n\r\n', 23, '8000.00', 1, '2024-12-13 15:27:39', 'uploads/devices/كاميرا imxenix 4K Conmed.jpg'),
(74, 0, 'كاميرا IMXenix 4K Conmed', 'كاميرا طبية عالية الدقة 4K تستخدم في جراحات المناظير والتصوير الطبي. توفر صورًا واضحة وحادة بتفاصيل دقيقة، مما يساعد الأطباء في التشخيص والعلاج. تستخدم بشكل رئيسي في العمليات الجراحية مثل تنظير البطن والمفاصل، مما يسهم في تحسين دقة الإجراءات الطبية.\r\n\r\n\r\n\r\n\r\n\r\n\r\n', 23, '8000.00', 1, '2024-12-13 15:28:53', 'uploads/devices/كاميرا imxenix 4K Conmed.jpg'),
(75, 0, 'أكويليون 16 (Aquillion 16)', 'جهاز تصوير طبقي محوري (CT Scan) كبير الحجم يوفر صورًا دقيقة للأنسجة والأعضاء الداخلية. يستخدم لتشخيص الأمراض والإصابات في مختلف أجزاء الجسم مثل الدماغ والصدر والبطن. يتميز بوجود 16 شريحة لالتقاط صور عالية الجودة.', 24, '500.00', 1, '2024-12-13 15:36:03', 'uploads/devices/ليكتا XVI الإصدار 5.0.jpg'),
(76, 0, 'نظام تنقية المياه بالتناضح العكسي 1000 لتر لغسيل الكلى', 'نظام يستخدم تقنية التناضح العكسي لتنقية المياه بمعدل 1000 لتر في الساعة. يُستخدم في مستشفيات وغرف غسيل الكلى لتوفير مياه نقية وآمنة للمرضى. يضمن إزالة الشوائب والمواد الضارة لضمان سلامة العلاج.\r\n\r\n\r\n\r\n\r\n\r\n\r\n', 25, '80000.00', 6, '2024-12-13 15:39:13', 'uploads/devices/1000 لتر التناضح العكسي غسيل الكلى النبات ماكينة تقطيع ل نظام تنقية تنقية المياه.jpg'),
(77, 0, 'جهاز غسيل الكلى CRRT', 'جهاز غسيل الكلى CRRT (العلاج الاستبدالي المستمر للكلى) يُستخدم في الحالات الحرجة التي تتطلب علاجًا مستمرًا للمساعدة في تنقية الدم عند فشل الكلى. يوفر هذا الجهاز علاجًا تدريجيًا وآمنًا للمرضى الذين لا يستطيعون تحمل الغسيل الكلوي التقليدي. يتم استخدامه بشكل خاص في وحدات العناية المركزة.\r\n\r\n\r\n\r\n\r\n\r\n\r\n', 25, '20000.00', 6, '2024-12-13 15:40:01', 'uploads/devices/CRRT الكلى جهاز غسل الكلى غسيل الكلى جهاز غسل الكلى سعر.png'),
(78, 0, 'جهاز فصل مكونات الدم التلقائي MY-B194C', 'جهاز يُستخدم لفصل مكونات الدم (مثل البلازما، كريات الدم الحمراء، والصفائح الدموية) بشكل تلقائي. يُستخدم في المستشفيات والمختبرات الطبية لتوفير مكونات دم نقية لعمليات نقل الدم أو العلاجات المتخصصة.', 25, '60000.00', 1, '2024-12-13 15:40:38', 'uploads/devices/MY-B194C التلقائي كله الدم مكون فاصل الدم فاصل آلة.png'),
(79, 0, 'جهاز فصل مكونات الدم التلقائي MY-B194C', 'جهاز يُستخدم لفصل مكونات الدم (مثل البلازما، كريات الدم الحمراء، والصفائح الدموية) بشكل تلقائي. يُستخدم في المستشفيات والمختبرات الطبية لتوفير مكونات دم نقية لعمليات نقل الدم أو العلاجات المتخصصة.', 25, '150000.00', 2, '2024-12-13 15:41:17', 'uploads/devices/MY-O002D آلة غسيل الكلى.png'),
(80, 0, 'جهاز غسيل الكلى البريتوني MY-O003A المحمول', 'جهاز غسيل كلى بريتوني محمول يُستخدم لتنقية الدم عن طريق تبادل السوائل داخل تجويف البطن. يمكن استخدامه في المستشفيات أو في المنزل، مما يتيح للمرضى مرونة أكبر في العلاج.', 25, '15000.00', 5, '2024-12-13 15:41:59', 'uploads/devices/MY-O003A المحمولة تنقية معدات غسيل الكلى مستشفى المنزل البريتوني جهاز غسل الكلى.png'),
(81, 0, 'جهاز غسيل الكلى المحمول MY-O004', 'جهاز غسيل كلى محمول وسهل الاستخدام يُستخدم في حالات الطوارئ أو الإسعافات الأولية لتنقية الدم. يوفر حلًا سريعًا وآمنًا للمرضى الذين يعانون من فشل الكلى. مناسب للاستخدام في المستشفيات أو في مواقع الطوارئ', 25, '14000.00', 5, '2024-12-13 15:42:41', 'uploads/devices/MY-O004 الطبية عملية سهلة الإسعافات الأولية معدات غسيل الكلى المحمولة غسيل الكلى.png'),
(82, 0, 'جهاز غسيل الكلى المحمول MY-O018', 'جهاز غسيل كلى محمول يُستخدم لتنقية الدم عند مرضى الفشل الكلوي. يتميز بتصميم مدمج يسمح باستخدامه في المستشفيات أو في المنزل، مما يوفر علاجًا مرنًا وسهلًا.\r\n\r\n\r\n\r\n\r\n\r\n\r\n', 25, '15000.00', 7, '2024-12-13 15:43:40', 'uploads/devices/MY-O018 المحمولة جهاز غسل الكلى.png'),
(83, 0, 'كرسي اختبار EEG وECG متعدد الوظائف SKE-100A', 'كرسي طبي قابل للتعديل يُستخدم لاختبارات EEG (مخطط الدماغ الكهربائي) وECG (مخطط القلب الكهربائي). يتميز بوظيفة مزدوجة، حيث يمكن تعديل وضعه لراحة المريض أثناء الفحوصات. كما يُستخدم في جلسات غسيل الكلى، مما يجعله مناسبًا للمستشفيات والعيادات الطبية.\r\n\r\n\r\n\r\n\r\n\r\n\r\n', 25, '4000.00', 8, '2024-12-13 15:44:28', 'uploads/devices/SKE-100A دائم EEG كرسي و ECG كرسي امتحان الطبية المعدات 2 وظيفة قابل للتعديل المريض اليدوي غسيل الكلىSKE-100A دائم EEG كرسي و ECG كرسي امتحان الطبية المعدات 2 وظيفة قابل للتعديل المريض اليدوي غسيل الكلى.png'),
(84, 0, 'ماكينة غسيل الكلى الألمانية FRESENIUS 4008B', 'جهاز غسيل كلى متطور من Fresenius، يُستخدم لعلاج المرضى الذين يعانون من الفشل الكلوي. يتميز بتقنيات حديثة لضمان سلامة وراحة المرضى أثناء جلسات الغسيل الكلوي. يتسم بالموثوقية والكفاءة العالية في تنقية الدم، ويُستخدم بشكل رئيسي في المستشفيات والمراكز الطبية المتخصصة.\r\n\r\n\r\n\r\n\r\n\r\n\r\n', 25, '4000.00', 5, '2024-12-13 15:46:33', 'uploads/devices/ماكينة غسيل الكلى الألمانية FRESENIUS 4008B.png'),
(85, 0, 'جهاز مراقبة القلب والرجفان الخارجي DM7000', 'جهاز DM7000 هو جهاز مراقبة القلب والرجفان الخارجي يُستخدم في الإسعافات الأولية. يتيح للمسعفين مراقبة الحالة القلبية للمريض وتقديم العلاج الفوري في حالات الطوارئ، مثل الرجفان البطيني. يتميز بالقدرة على إجراء الرجفان الكهربائي لإعادة القلب إلى إيقاعه الطبيعي، ويُستخدم في سيارات الإسعاف والمستشفيات.', 26, '14000.00', 5, '2024-12-13 15:51:32', 'uploads/devices/DM7000 القلب مراقب الرجفان الإسعافات الأولية معدات طبية الآلي الخارجية الرجفان لسيارات الإسعاف.png'),
(86, 0, 'حقيبة إسعافات أولية تكتيكية للطوارئ في الهواء الطلق', 'حقيبة إسعافات أولية تكتيكية مصممة خصيصًا للطوارئ في الهواء الطلق. تحتوي على أدوات بقاء وتكتيكية للمساعدة في العناية بالمصابين في حالات الطوارئ. الحقيبة مقاومة للماء وتتميز بتصميم مدمج يسهل حملها واستخدامها في المواقف الصعبة مثل الرحلات أو أثناء الكوارث.\r\n\r\n\r\n\r\n\r\n\r\n\r\n', 26, '5000.00', 7, '2024-12-13 15:52:13', 'uploads/devices/SCREEN~1.PNG'),
(87, 0, 'جهاز إنعاش إسعافي معتمد من CE', 'جهاز الإنعاش الإسعافي يُستخدم في حالات الطوارئ لإعادة تنشيط الدورة الدموية والتنفس عند توقف القلب أو التنفس. معتمد من CE، مما يعني أنه يلبي معايير السلامة والجودة الأوروبية. يُستخدم في سيارات الإسعاف والمستشفيات لتقديم الرعاية السريعة للمصابين.', 26, '5000.00', 8, '2024-12-13 15:52:54', 'uploads/devices/جهاز إنعاش معدات إسعاف معتمد من Ce.png'),
(88, 0, 'جهاز مراقبة نزع القلب ثنائي المرحلة DM7000 للطوارئ', 'جهاز DM7000 هو جهاز طبي للطوارئ يستخدم مراقبة نزع القلب ثنائي المرحلة، والذي يُستخدم في حالات الطوارئ لإنعاش القلب عند توقفه. يتميز بقدرته على إجراء صدمات كهربائية للقلب لاستعادة الإيقاع الطبيعي. معتمد من CE وISO، مما يضمن مطابقته للمعايير الطبية العالمية. يُستخدم في المستشفيات وعيادات الطوارئ.\r\n\r\n\r\n\r\n\r\n\r\n\r\nجهاز DM7000 هو جهاز طبي للطوارئ يستخدم مراقبة نزع القلب ثنائي المرحلة، والذي يُستخدم في حالات الطوارئ لإنعاش القلب عند توقفه. يتميز بقدرته على إجراء صدمات كهربائية للقلب لاستعادة الإيقاع الطبيعي. معتمد من CE وISO، مما يضمن مطابقته للمعايير الطبية العالمية. يُستخدم في المستشفيات وعيادات الطوارئ.\r\n\r\n\r\n\r\n\r\n\r\n\r\n', 26, '20000.00', 6, '2024-12-13 15:53:33', 'uploads/devices/جهاز مراقبة نزع القلب ثنائي المرحلة جهاز طبي للطوارئ DM7000 للمستشفيات مع شهادة CE ISO.png'),
(89, 0, 'حقيبة إسعافات أولية للطوارئ', 'حقيبة إسعافات أولية مصممة للطوارئ تحتوي على أدوات أساسية لعلاج الإصابات والخدمات الطبية الأولية في حالات الطوارئ. تتضمن أدوات مثل الضمادات، والمطهرات، والأربطة، والمستلزمات الطبية الأساسية. يمكن حملها بسهولة في الجيب أو حقيبة الطوارئ، مما يجعلها مثالية للاستخدام السريع في المواقف الحرجّة.\r\n\r\n\r\n\r\n\r\n\r\n\r\n', 26, '5000.00', 9, '2024-12-13 15:54:11', 'uploads/devices/حقيبة إسعافات أولية و جيب ل الطوارئ.png'),
(90, 0, 'صندوق إسعاف كبير', 'صندوق إسعاف كبير يحتوي على مجموعة شاملة من الأدوات والمستلزمات الطبية الأساسية لعلاج الإصابات والحالات الطارئة. يُستخدم في المنازل، المستشفيات، أو أماكن العمل لتوفير العناية الأولية. يشمل أدوات مثل الضمادات، والمطهرات، والمقصات، والمعدات الطبية الأخرى الضرورية للتعامل مع الحالات الطارئة.', 26, '15000.00', 5, '2024-12-13 15:54:47', 'uploads/devices/صندوق إسعاف كبير.jpg'),
(91, 0, 'عاصبة طبية احترافية سريعة الفك مع مشبك قابل للتعديل', 'العاصبة الطبية هي أداة طوارئ تُستخدم للتحكم في النزيف الحاد عن طريق تطبيق ضغط على الجرح. تتميز بتصميم قابل للتعديل ومرن، مما يتيح استخدامها بسهولة في حالات الطوارئ والإسعافات الأولية. تحتوي على مشبك لضبط الضغط بشكل فعال، وتُعتبر مثالية للاستخدام في الحوادث أو الإصابات الخطيرة.\r\n\r\n\r\n\r\n\r\n\r\n\r\n', 26, '500.00', 10, '2024-12-13 15:55:31', 'uploads/devices/عاصبة طبية احترافية سريعة الفك مع مشبك بتصميم قابل للتعديل ومرنة لحالات الطوارئ والاسعافات الأولية.jpg'),
(92, 0, 'نقالة فراغ للطوارئ', 'هي جهاز يستخدم لنقل المصابين في حالات الطوارئ. تتميز بتقنية الفراغ التي تساعد في تثبيت الجسم بشكل آمن أثناء النقل، مما يقلل من الحركة ويساعد في تجنب الإصابات الإضافية. تستخدم بشكل رئيسي في حالات الحوادث أو الإصابات الخطيرة وتُعد مثالية للاستخدام في سيارات الإسعاف أو في الأماكن التي تتطلب نقل المصابين بسرعة وأمان.\r\n\r\n\r\n\r\n\r\n\r\n\r\n', 26, '50000.00', 12, '2024-12-13 15:56:18', 'uploads/devices/لطوارئ الهواء نقالة فراغ فراش نقالة إسعاف.png'),
(93, 0, 'مقصات إسعافات أولية Tuffcut للمستجيب الطبي', 'مقصات Tuffcut هي مقصات طبية قوية ومصممة خصيصًا للمستجيبين الطبيين لاستخدامها في حالات الطوارئ. تتميز بقدرتها على قص الملابس أو الأقمشة الصعبة بسرعة وأمان دون التسبب في إصابة المريض. تُستخدم بشكل شائع في الإسعافات الأولية والمستشفيات لتوفير وصول سريع للمنطقة المصابة أثناء العلاج.', 26, '200.00', 5, '2024-12-13 15:57:00', 'uploads/devices/مقصات إسعافات أولية للمستجيب الطبي مقصات Tuffcut .png'),
(94, 0, 'مقصات إسعافات أولية Tuffcut للمستجيب الطبي', 'مقصات Tuffcut هي مقصات طبية قوية ومصممة خصيصًا للمستجيبين الطبيين لاستخدامها في حالات الطوارئ. تتميز بقدرتها على قص الملابس أو الأقمشة الصعبة بسرعة وأمان دون التسبب في إصابة المريض. تُستخدم بشكل شائع في الإسعافات الأولية والمستشفيات لتوفير وصول سريع للمنطقة المصابة أثناء العلاج.', 26, '5000.00', 6, '2024-12-13 15:57:50', 'uploads/devices/مقياس التنفس الطبي الشخصي محمول باليد الذكية.png'),
(95, 0, 'مقياس التنفس الطبي الشخصي المحمول باليد الذكي', 'مقياس التنفس الشخصي المحمول هو جهاز طبي يستخدم لقياس أداء الجهاز التنفسي. يتميز بتصميم محمول باليد ويعمل بتقنية ذكية لعرض النتائج بدقة على شاشة مدمجة. يُستخدم لمراقبة التنفس وتحليل الأداء التنفسي في حالات مثل الربو أو مرض الانسداد الرئوي المزمن (COPD)، مما يساعد الأفراد على متابعة صحتهم التنفسية بشكل دوري.', 26, '5000.00', 5, '2024-12-13 15:58:32', 'uploads/devices/مقياس التنفس الطبي الشخصي محمول باليد الذكية.png'),
(96, 0, 'جهاز التخدير متعدد الوظائف Gsm-iib', 'جهاز Gsm-iib هو جهاز تخدير متعدد الوظائف يُستخدم في المستشفيات أثناء العمليات الجراحية. يتيح للمختصين إدارة التخدير بشكل دقيق وآمن، ويتميز بتقنيات حديثة لضمان راحة المريض وفعالية العلاج. يتضمن مكونات مختلفة مثل التحكم في الأوكسجين والغازات المخدرة، ويُعتبر أساسيًا في غرف العمليات لضمان سير العمليات بسلاسة.\r\n\r\n\r\n\r\n\r\n\r\n\r\n', 27, '4000.00', 7, '2024-12-13 16:04:47', 'uploads/devices/SCREEN~1.PNG'),
(97, 0, 'مراقب إشارات حيوية مريض يعمل باللمس Acuitsign M5', 'جهاز مراقب إشارات حيوية يعمل بشاشة لمس 15 بوصة، يستخدم في المستشفيات والعيادات لمراقبة الحالة الصحية للمرضى. يتتبع مؤشرات حيوية مثل نبض القلب، ضغط الدم، مستوى الأوكسجين، وغيرها من البيانات الهامة. يُستخدم في وحدات العناية المركزة (ICU) ووحدات العناية القلبية (CCU) لضمان متابعة مستمرة ودقيقة لحالة المريض.\r\n\r\n\r\n\r\n\r\n\r\n\r\n', 27, '7000.00', 5, '2024-12-13 16:05:25', 'uploads/devices/SCREEN~2.PNG'),
(98, 0, 'سرير العناية المركزة اليدوي قابل للتعديل مع رفع ظهر يدوي', 'سرير العناية المركزة (ICU) هذا يتميز بوجود اثنين من الرافعات القابلة للتعديل لرفع ظهر السرير يدوياً، مما يوفر راحة ودعماً للمريض في وحدات العناية المركزة. يتمتع بمتانة عالية، ويُستخدم بشكل رئيسي في المستشفيات لرعاية المرضى الذين يحتاجون إلى متابعة دقيقة أثناء فترة العلاج أو الاستشفاء.', 27, '5000.00', 8, '2024-12-13 16:06:05', 'uploads/devices/SCREEN~4.PNG'),
(99, 0, 'جهاز مراقبة متعدد المعلمات Mindray EPM10', 'جهاز Mindray EPM10 هو جهاز مراقبة طبية متعددة المعلمات يُستخدم في وحدات العناية المركزة (ICU) لمراقبة الحالة الصحية للمرضى. يتتبع هذا الجهاز مجموعة من المؤشرات الحيوية مثل نبض القلب، ضغط الدم، مستوى الأوكسجين، درجة الحرارة وغيرها. يتميز بتقنيات حديثة لعرض البيانات بدقة وسهولة، مما يساعد في اتخاذ القرارات الطبية بشكل سريع وفعّال.\r\n\r\n\r\n\r\n\r\n\r\n\r\n', 27, '25000.00', 7, '2024-12-13 16:08:40', 'uploads/devices/Screenshot 2024-12-12 at 03-52-17 ميندري Epm10 رصد Icu متعددة المعلمات المعدات الطبية - Buy Mindray Epm10 Hospital Monitor Mindray Monitor Product on Alibaba.com.png'),
(100, 0, 'جهاز هولتر لتخطيط القلب الكهربائي 24 ساعة', 'جهاز هولتر هو جهاز مراقبة تخطيط القلب الكهربائي (ECG) يستخدم لتسجيل النشاط الكهربائي للقلب على مدار 24 ساعة. يُستخدم في فحص المرضى الذين يعانون من مشاكل قلبية متقطعة أو غير منتظمة. الجهاز قابل لإعادة الشحن ويتميز بتصميم محمول وسهل الاستخدام، مما يسمح للمريض بممارسة الأنشطة اليومية أثناء إجراء الفحص.', 27, '12000.00', 4, '2024-12-13 16:09:30', 'uploads/devices/SC95F9~1.PNG'),
(101, 0, 'جهاز التهوية الطبية ICU Ventil Mchan', 'جهاز التهوية الطبية ICU Ventil Mchan هو جهاز يستخدم لتهوية التنفس في المستشفيات، خصوصًا في وحدات العناية المركزة (ICU). يساعد في دعم التنفس للمرضى الذين يعانون من صعوبة في التنفس أو توقف التنفس، ويُعد من المعدات الأساسية لعلاج المرضى الحرجين. يتميز بتقنيات حديثة لضمان توفير هواء مؤكسج بشكل دقيق وآمن للمريض.\r\n\r\n\r\n\r\n\r\n\r\n\r\n', 27, '25000.00', 5, '2024-12-13 16:10:14', 'uploads/devices/Screenshot 2024-12-12 at 03-58-14 جهاز تهوية طبية مستشفى Ventil Mchan Icu جهاز تهوية التنفس استخدام المستشفى - Buy Medical Ventilation Apparatus ventil Mechan Icu ventiilator Product on Alibaba.com.png'),
(102, 0, 'جهاز تخطيط القلب 12 قناة مع طابعة مدمجة', 'جهاز تخطيط القلب 12 قناة هو جهاز يستخدم لتخطيط النشاط الكهربائي للقلب عبر 12 قناة، مما يوفر تفاصيل دقيقة عن صحة القلب. يحتوي الجهاز على طابعة مدمجة لسهولة طباعة النتائج مباشرة بعد الفحص. يُستخدم في المستشفيات والعيادات لفحص مرضى القلب، ويتميز بتقنية الكهرومغناطيسية والحس الكهربائي لضمان دقة عالية في التشخيص.\r\n\r\n\r\n\r\n\r\n\r\n\r\n', 27, '5000.00', 7, '2024-12-13 16:10:57', 'uploads/devices/SC742E~1.PNG'),
(103, 0, 'وحدة رأس السرير الجدارية للمستشفى', 'وحدة رأس السرير الجدارية هي وحدة طبية تُثبت على الجدار بالقرب من رأس السرير في المستشفيات. تحتوي على منافذ للطاقة، وأجهزة الأوكسجين، وملحقات أخرى لدعم المريض والعاملين الطبيين. تُستخدم في غرف المرضى لتوفير سهولة الوصول إلى الأدوات الطبية الأساسية، وتتميز بتصميم مدمج وآمن يناسب بيئات الرعاية الصحية.\r\n\r\n\r\n\r\n\r\n\r\n\r\n', 27, '4000.00', 6, '2024-12-13 16:11:35', 'uploads/devices/Screenshot 2024-12-12 at 04-00-41 جناح التمريض المعدات مستشفى وحدة رأس السرير الجدار سرير رئيس وحدة - Buy Recessed Consoles Unit wall Bed Head Console abs Bed Head Panel Product on Alibaba.com.png'),
(104, 0, 'محطة عمل تخدير طبي 10.4 بوصة لغرفة العمليات', 'محطة عمل التخدير هي جهاز طبي يستخدم في غرف العمليات لضبط ومراقبة التخدير أثناء الجراحة. تحتوي على شاشة 10.4 بوصة لعرض معلومات دقيقة عن حالة المريض والجرعات المستخدمة من التخدير. يتميز بتصميم مدمج لسهولة النقل والاستخدام، ويشمل أدوات وأجهزة لضمان سلامة المريض خلال العمليات الجراحية.\r\n\r\n\r\n\r\n\r\n\r\n\r\n', 27, '5000.00', 6, '2024-12-13 16:12:24', 'uploads/devices/SC0225~1.PNG'),
(105, 0, 'جهاز تخدير جراحي متنقل YSAV01A1Ysenemd', 'جهاز التخدير الجراحي المتنقل هو جهاز يستخدم في غرف العمليات لتقديم التخدير للمريض أثناء الجراحة. يتميز بتصميم مركب ومتنقل، مما يسمح بنقله بسهولة بين غرف العمليات أو وحدات العناية المركزة. يساعد هذا الجهاز في تنظيم وضبط جرعات التخدير بشكل دقيق وآمن لضمان راحة المريض أثناء العملية.', 27, '8000.00', 6, '2024-12-13 16:13:06', 'uploads/devices/YSAV01A1Ysenemd مستشفى تخدير جراحي مركبة تخدير متنقل.png'),
(106, 0, 'جهاز أشعة إكس رقمي ثابت عالي الجودة 65 كيلو وات', 'جهاز الأشعة السينية الرقمي هو جهاز ثابت يستخدم أشعة إكس لتقديم صور عالية الجودة لأغراض التشخيص الطبي. يعمل بقوة 65 كيلو وات ويوفر صوراً دقيقة تساعد الأطباء في تشخيص الحالات المرضية المختلفة. يتميز بتقنية رقمية لضمان وضوح الصور وتقليل التداخل أو التشويش، مما يسهل اتخاذ قرارات علاجية دقيقة.', 24, '8000.00', 6, '2024-12-13 16:17:29', 'uploads/devices/جهاز تصوير شعاعي رقمي ثابت عالي الجودة 65 كيلو وات جهاز أشعة إكس لتشخيص الأشعة بالأشعة.png'),
(107, 0, 'رايت سبيد 4 شريحة', 'رايت سبيد 4 شريحة هو جهاز تصوير شعاعي يستخدم تقنية أشعة إكس الحديثة لالتقاط صور طبية عالية الدقة. يتميز بوجود 4 شرائح لتحسين سرعة وجودة التصوير، مما يتيح للطواقم الطبية الحصول على نتائج دقيقة بسرعة أكبر. يُستخدم بشكل رئيسي في المستشفيات والعيادات لتشخيص الحالات المختلفة.', 24, '8000.00', 5, '2024-12-13 16:18:19', 'uploads/devices/رايت سبيد 4 شريحة.jpg'),
(108, 0, 'رايت سبيد 4 شريحة', 'رايت سبيد 4 شريحة هو جهاز تصوير شعاعي يستخدم تقنية أشعة إكس الحديثة لالتقاط صور طبية عالية الدقة. يتميز بوجود 4 شرائح لتحسين سرعة وجودة التصوير، مما يتيح للطواقم الطبية الحصول على نتائج دقيقة بسرعة أكبر. يُستخدم بشكل رئيسي في المستشفيات والعيادات لتشخيص الحالات المختلفة.', 24, '8000.00', 5, '2024-12-13 16:19:07', 'uploads/devices/رايت سبيد 4 شريحة.jpg'),
(109, 0, 'جهاز الأشعة السينية الطبية المحمول الرقمي', 'جهاز الأشعة السينية المحمول هو جهاز يستخدم أشعة إكس لالتقاط صور طبية لتشخيص الحالات المرضية. يتميز بأنه محمول مما يسهل استخدامه في مواقع مختلفة مثل غرف الطوارئ أو أثناء النقل بين الأقسام. يعتمد الجهاز على التصوير الرقمي لضمان الحصول على صور عالية الجودة ودقيقة تساعد الأطباء في تشخيص الأمراض بشكل سريع وفعال.', 24, '10000.00', 5, '2024-12-13 16:21:39', 'uploads/devices/جهاز الأشعة السينية الطبيه وملحقاتها بالأشعة السينية جهاز التصوير بالأشعة السينية بالأشعة السينية الطبي المحمول جهاز التصوير بالأشعة السينية الرقمية.png'),
(110, 0, 'شريحة LightSpeed VCT 64', 'شريحة LightSpeed VCT 64 هي شريحة تستخدم في أجهزة الأشعة المقطعية (CT Scan) المتقدمة، وتحتوي على 64 شريحة لتمكين التصوير الطبي الدقيق. تسمح هذه الشريحة بتقنية التصوير السريع والعالي الدقة مما يساعد في الحصول على صور واضحة للأعضاء الداخلية، وهي مثالية لتشخيص حالات معقدة مثل الأورام أو الإصابات الدقيقة. تستخدم في المستشفيات والمراكز الطبية التي تتطلب تقنيات تصوير متقدمة.\r\n\r\n\r\n\r\n\r\n\r\n\r\n', 24, '12000.00', 3, '2024-12-13 16:22:31', 'uploads/devices/شريحة LightSpeed __VCT 64.jpeg');

-- --------------------------------------------------------

--
-- Table structure for table `emp`
--

CREATE TABLE `emp` (
  `id` int NOT NULL,
  `first_name` varchar(255) CHARACTER SET utf8mb4 COLLATE utf8mb4_general_ci NOT NULL,
  `last_name` varchar(255) CHARACTER SET utf8mb4 COLLATE utf8mb4_general_ci NOT NULL,
  `email` varchar(255) CHARACTER SET utf8mb4 COLLATE utf8mb4_general_ci NOT NULL,
  `password` varchar(255) CHARACTER SET utf8mb4 COLLATE utf8mb4_general_ci NOT NULL,
  `phone` int NOT NULL,
  `city` varchar(255) CHARACTER SET utf8mb4 COLLATE utf8mb4_general_ci NOT NULL,
  `job_title` varchar(255) CHARACTER SET utf8mb4 COLLATE utf8mb4_general_ci NOT NULL,
  `created_by` int NOT NULL,
  `created_at` timestamp NOT NULL DEFAULT CURRENT_TIMESTAMP ON UPDATE CURRENT_TIMESTAMP
) ENGINE=InnoDB DEFAULT CHARSET=utf8mb4 COLLATE=utf8mb4_general_ci;

--
-- Dumping data for table `emp`
--

INSERT INTO `emp` (`id`, `first_name`, `last_name`, `email`, `password`, `phone`, `city`, `job_title`, `created_by`, `created_at`) VALUES
(1, 'asssssssssssssssssssssss', 'saeed', 'dd@dd', '$2y$10$7P/mH7Pg/c3zp6dzIhUZOO/hUDhy3InQi92ZmOfnaM9B1c74b5vqa', 537146467, '2222', 'ewfef', 1, '2024-12-08 19:36:02'),
(3, 'ayman', 'abdelbagi', 'aa@aa.com', '$2y$10$cjMeJfbYLuVQYb1PTJk.OeGe7AE3q.G.PAZf0Q47Ys6wSFeAPyKD2', 531907793, 'المدينة المنورة', 'aymonyz', 1, '2024-12-08 12:25:01'),
(4, 'ayman', 'abdelbagi', 'm@m', '$2y$10$NPfj78j78s5Gq59rqsEQEu5iTJ9iNG.QIHEBJ03gqFm96uPodcyAy', 531907793, 'المدينة المنورة', 'جامعي', 1, '2024-12-08 18:19:00'),
(5, 'ayman', 'abdelbagi', 'Wdalzho@gmail.com', '$2y$10$8aDFhFttuJt7xwTqNBsjuu21HTwTNiYxQjjSl83vD1EPVVOi6/z/C', 531907793, 'لباتلتلا', 'جامعي', 1, '2024-12-08 18:24:33'),
(6, 'dsdssd', 'dssddsdsd', 'asdsd@a', '$2y$10$XlVOLCrPoZLGv6.8lTOD5.6jXZnJgIFY4NE.yljwPO2B/x.OVQ88G', 531907793, 'المدينة المنورة', 'جامعي', 1, '2024-12-08 19:23:23'),
(7, 'يبلبيل', 'abdelbagi', 'azqqa@aza', '$2y$10$7P4qNURIzpjPxVkyvN7a3eGMfpw2dWSe22UmwWpOSe/TDEFV2hw2a', 531907793, 'المدينة المنورة', 'بيلبي', 1, '2024-12-09 14:04:19');

-- --------------------------------------------------------

--
-- Table structure for table `maintenance_requests`
--

CREATE TABLE `maintenance_requests` (
  `id` int NOT NULL,
  `device_name` varchar(255) CHARACTER SET utf8mb4 COLLATE utf8mb4_general_ci NOT NULL,
  `issue_description` text CHARACTER SET utf8mb4 COLLATE utf8mb4_general_ci NOT NULL,
  `user_name` varchar(255) CHARACTER SET utf8mb4 COLLATE utf8mb4_general_ci NOT NULL,
  `user_contact` varchar(50) CHARACTER SET utf8mb4 COLLATE utf8mb4_general_ci NOT NULL,
  `status` varchar(50) CHARACTER SET utf8mb4 COLLATE utf8mb4_general_ci DEFAULT NULL,
  `created_at` timestamp NULL DEFAULT CURRENT_TIMESTAMP
) ENGINE=InnoDB DEFAULT CHARSET=utf8mb4 COLLATE=utf8mb4_general_ci;

--
-- Dumping data for table `maintenance_requests`
--

INSERT INTO `maintenance_requests` (`id`, `device_name`, `issue_description`, `user_name`, `user_contact`, `status`, `created_at`) VALUES
(1, 'etawrgerg', 'بيبيرقاقرسقفترق', 'قفقفقفقففققف', '٦٥٤٦٨١٤٥٦١٨١٦', 'قيد التنفيذ', '2024-12-09 16:46:55'),
(2, 'etawrgerg', 'fcfsds fd df\\r\\n \\r\\ndfkjsdflg a\\r\\n \\r\\na kjfahk;a', 'fdfdfdfd', '٦٥٤٦٨١٤٥٦١٨١٦', NULL, '2024-12-09 18:18:07');

-- --------------------------------------------------------

--
-- Table structure for table `orders`
--

CREATE TABLE `orders` (
  `id` int NOT NULL,
  `customer_name` varchar(255) CHARACTER SET utf8mb4 COLLATE utf8mb4_general_ci NOT NULL,
  `device_id` int NOT NULL,
  `quantity` int NOT NULL,
  `total_price` decimal(10,2) NOT NULL,
  `status` varchar(50) CHARACTER SET utf8mb4 COLLATE utf8mb4_general_ci NOT NULL DEFAULT 'Pending',
  `created_at` datetime NOT NULL,
  `user_id` int NOT NULL
) ENGINE=InnoDB DEFAULT CHARSET=utf8mb4 COLLATE=utf8mb4_general_ci;

--
-- Dumping data for table `orders`
--

INSERT INTO `orders` (`id`, `customer_name`, `device_id`, `quantity`, `total_price`, `status`, `created_at`, `user_id`) VALUES
(1, 'ahmed', 10, 2, '912912.00', 'approved', '2024-12-08 19:16:13', 12),
(2, 'ssssssssssssssss', 10, 1, '456456.00', 'rejected', '2024-12-08 20:02:51', 0),
(3, 'aqqqqqqqqqqqqqqqqqq', 10, 1, '456456.00', 'approved', '2024-12-08 20:05:13', 12),
(4, 'بلا', 8, 1, '34.00', 'pending', '2024-12-08 20:54:59', 1),
(5, 'dssddssdsdsdsdsdsd', 4, 1, '456456.00', 'approved', '2024-12-09 14:58:38', 1),
(6, 'dssddssdsdsdsdsdsd', 8, 1, '34.00', 'pending', '2024-12-09 14:58:38', 1),
(7, 'ايمن', 4, 1, '456456.00', 'rejected', '2024-12-09 15:02:09', 1),
(8, 'ايمن', 5, 1, '3.00', 'rejected', '2024-12-09 15:02:09', 1),
(9, 'ايمن', 6, 1, '3.00', '0', '2024-12-09 15:02:09', 1),
(10, 'ايمن', 9, 1, '700.00', 'approved', '2024-12-09 15:02:09', 1),
(11, 'ايمن', 8, 1, '34.00', '0', '2024-12-09 15:02:09', 1),
(12, 'ايمن', 7, 1, '10.00', '0', '2024-12-09 15:02:09', 1),
(13, 'ايمن', 10, 1, '10.00', '0', '2024-12-09 15:02:09', 1),
(14, 'محمد', 4, 3, '1369368.00', 'approved', '2024-12-09 15:03:30', 1),
(15, 'سسسسسسسسس', 5, 1, '3.00', '2', '2024-12-09 16:08:38', 20),
(16, 'سسسسسسسسس', 6, 1, '3.00', '0', '2024-12-09 16:08:38', 20),
(17, 'سسسسسسسسس', 7, 1, '10.00', '0', '2024-12-09 16:08:38', 20);

-- --------------------------------------------------------

--
-- Table structure for table `purchase_requests`
--

CREATE TABLE `purchase_requests` (
  `id` int NOT NULL,
  `customer_name` varchar(255) CHARACTER SET utf8mb4 COLLATE utf8mb4_general_ci NOT NULL,
  `device_id` int DEFAULT NULL,
  `quantity` int DEFAULT NULL,
  `total_price` decimal(10,2) DEFAULT NULL,
  `status` enum('pending','approved','rejected') CHARACTER SET utf8mb4 COLLATE utf8mb4_general_ci DEFAULT 'pending',
  `created_at` timestamp NOT NULL DEFAULT CURRENT_TIMESTAMP
) ENGINE=InnoDB DEFAULT CHARSET=utf8mb4 COLLATE=utf8mb4_general_ci;

-- --------------------------------------------------------

--
-- Table structure for table `user`
--

CREATE TABLE `user` (
  `id` int NOT NULL,
  `first_name` varchar(255) CHARACTER SET utf8mb4 COLLATE utf8mb4_general_ci NOT NULL,
  `last_name` varchar(255) CHARACTER SET utf8mb4 COLLATE utf8mb4_general_ci NOT NULL,
  `email` varchar(255) CHARACTER SET utf8mb4 COLLATE utf8mb4_general_ci NOT NULL,
  `password` varchar(255) CHARACTER SET utf8mb4 COLLATE utf8mb4_general_ci NOT NULL,
  `gender` varchar(255) CHARACTER SET utf8mb4 COLLATE utf8mb4_general_ci NOT NULL,
  `birth_date` date NOT NULL,
  `phone` int NOT NULL,
  `city` varchar(255) CHARACTER SET utf8mb4 COLLATE utf8mb4_general_ci NOT NULL,
  `job_title` varchar(255) CHARACTER SET utf8mb4 COLLATE utf8mb4_general_ci NOT NULL,
  `created_at` timestamp NOT NULL DEFAULT CURRENT_TIMESTAMP ON UPDATE CURRENT_TIMESTAMP
) ENGINE=InnoDB DEFAULT CHARSET=utf8mb4 COLLATE=utf8mb4_general_ci;

--
-- Dumping data for table `user`
--

INSERT INTO `user` (`id`, `first_name`, `last_name`, `email`, `password`, `gender`, `birth_date`, `phone`, `city`, `job_title`, `created_at`) VALUES
(15, 'ayman', 'abdelbagi', 'fff@example.com', '$2y$10$RcaSU9eifQodmsrSYx1Iceh3eQspYIYhnXWnCcCsfMraYvlfulqbu', 'Female', '2024-12-04', 531907793, '22222', 'aymonyz', '2024-12-08 19:36:11'),
(16, 'ayman', 'abdelbagi', 'a@a', '$2y$10$qRln5ryZuKUnmKALUmGbEOFwyG0Uf/1bO6z1A7S9/GTN.jjXdL8WS', 'Female', '2024-12-11', 531907793, 'المدينة المنورة', 'مبرمج', '2024-12-09 09:45:57'),
(17, 'ayman', 'abdelbagi', 'a223@a', '$2y$10$H./pPDhZ0szzAdqKFwHRNeYM.lSscLSfMuTFA1Yx4HBstNpn/5YFG', 'أنثى', '2024-12-26', 531907793, 'المدينة المنورة', 'مشرفه', '2024-12-09 09:46:42'),
(18, 'ayman', 'abdelbagi', 'a332@a', '$2y$10$LQr/x8.GjCU53lycmqP2DuLtfYcsqj5pB9XkYQbGKDnqMazSd5uVe', 'أنثى', '2024-12-17', 531907793, 'المدينة المنورة', 'مشرفه', '2024-12-09 09:46:56'),
(19, 'ayman', 'abdelbagi', 'aza@aza', '$2y$10$86unjI0xwRxQav2kxVKvy.SXm0Qja26k3PWIjjKIYsoHSB0z3Hw6a', 'أنثى', '2024-12-18', 531907793, 'المدينة المنورة', 'قفغقفغ', '2024-12-09 13:56:53'),
(20, '2222khald', 'alazher', 'azqqa@aza', '$2y$10$vsgGhWxJnymc4EkBfX65NOuypbmRw4s7mT38g2sV3tFDMGBV4f8uK', 'أنثى', '2024-12-18', 531907793, 'al madinah al munawwarah', 'aymonyz', '2024-12-09 13:57:41'),
(22, 'ayman', 'abdelbagi', 'azdssdsdsdsqqa@aza', '$2y$10$GitwzbSOCvpZgVMDZnvZG.ewhtogC/fqyKDT1sALt/zU9RiLkwFjG', 'Female', '2024-12-13', 531907793, 'المدينة المنورة', 'dsds', '2024-12-09 12:58:36'),
(23, 'ayman', 'abdelbagi', 'azqqssa@aza', '$2y$10$RKA6Y/sCDoxj.maDSf//femN40vZiXfkYLgNsh2kygMPiFI1anBZW', 'Male', '2024-12-10', 531907793, 'المدينة المنورة', 'سيسسي', '2024-12-09 13:14:33'),
(24, 'ayman', 'abdelbagi', 'azqq564a@aza', '$2y$10$w55Soc4uNldtbmYDmjICdu/YND7UyQHIWhode1yCK5CJSb5gTUGvC', 'Female', '2024-12-17', 531907793, 'المدينة المنورة', 'fht', '2024-12-09 13:34:48'),
(25, 'ayman', 'abdelbagi', 'azqsssqssa@aza', '$2y$10$IwtxjniXqqpNS7be8XG82eKeDD.V741K5SNfufM.lNDTpQvIdA6H2', 'Female', '2024-12-18', 531907793, 'المدينة المنورة', 'sddssd', '2024-12-09 13:53:07');

--
-- Indexes for dumped tables
--

--
-- Indexes for table `admin`
--
ALTER TABLE `admin`
  ADD PRIMARY KEY (`id`);

--
-- Indexes for table `categories`
--
ALTER TABLE `categories`
  ADD PRIMARY KEY (`id`);

--
-- Indexes for table `devices`
--
ALTER TABLE `devices`
  ADD PRIMARY KEY (`id`),
  ADD KEY `category_id` (`category_id`);

--
-- Indexes for table `emp`
--
ALTER TABLE `emp`
  ADD PRIMARY KEY (`id`);

--
-- Indexes for table `maintenance_requests`
--
ALTER TABLE `maintenance_requests`
  ADD PRIMARY KEY (`id`);

--
-- Indexes for table `orders`
--
ALTER TABLE `orders`
  ADD PRIMARY KEY (`id`);

--
-- Indexes for table `purchase_requests`
--
ALTER TABLE `purchase_requests`
  ADD PRIMARY KEY (`id`),
  ADD KEY `device_id` (`device_id`);

--
-- Indexes for table `user`
--
ALTER TABLE `user`
  ADD PRIMARY KEY (`id`);

--
-- AUTO_INCREMENT for dumped tables
--

--
-- AUTO_INCREMENT for table `admin`
--
ALTER TABLE `admin`
  MODIFY `id` int NOT NULL AUTO_INCREMENT, AUTO_INCREMENT=2;

--
-- AUTO_INCREMENT for table `categories`
--
ALTER TABLE `categories`
  MODIFY `id` int NOT NULL AUTO_INCREMENT, AUTO_INCREMENT=28;

--
-- AUTO_INCREMENT for table `devices`
--
ALTER TABLE `devices`
  MODIFY `id` int NOT NULL AUTO_INCREMENT, AUTO_INCREMENT=111;

--
-- AUTO_INCREMENT for table `emp`
--
ALTER TABLE `emp`
  MODIFY `id` int NOT NULL AUTO_INCREMENT, AUTO_INCREMENT=8;

--
-- AUTO_INCREMENT for table `maintenance_requests`
--
ALTER TABLE `maintenance_requests`
  MODIFY `id` int NOT NULL AUTO_INCREMENT, AUTO_INCREMENT=3;

--
-- AUTO_INCREMENT for table `orders`
--
ALTER TABLE `orders`
  MODIFY `id` int NOT NULL AUTO_INCREMENT, AUTO_INCREMENT=18;

--
-- AUTO_INCREMENT for table `purchase_requests`
--
ALTER TABLE `purchase_requests`
  MODIFY `id` int NOT NULL AUTO_INCREMENT;

--
-- AUTO_INCREMENT for table `user`
--
ALTER TABLE `user`
  MODIFY `id` int NOT NULL AUTO_INCREMENT, AUTO_INCREMENT=26;

--
-- Constraints for dumped tables
--

--
-- Constraints for table `devices`
--
ALTER TABLE `devices`
  ADD CONSTRAINT `devices_ibfk_1` FOREIGN KEY (`category_id`) REFERENCES `categories` (`id`);

--
-- Constraints for table `purchase_requests`
--
ALTER TABLE `purchase_requests`
  ADD CONSTRAINT `purchase_requests_ibfk_1` FOREIGN KEY (`device_id`) REFERENCES `devices` (`id`);
COMMIT;

/*!40101 SET CHARACTER_SET_CLIENT=@OLD_CHARACTER_SET_CLIENT */;
/*!40101 SET CHARACTER_SET_RESULTS=@OLD_CHARACTER_SET_RESULTS */;
/*!40101 SET COLLATION_CONNECTION=@OLD_COLLATION_CONNECTION */;
